buurt,prioriteit,dagdeel,uur,code,LAT,LNG
,1,Avond,770,,,
,1,Middag,942,,,
,1,Nacht,427,,,
,1,Ochtend,804,,,
,2,Avond,159,,,
,2,Middag,138,,,
,2,Nacht,103,,,
,2,Ochtend,51,,,
,3,Avond,4,,,
,3,Middag,4,,,
,3,Nacht,3,,,
,3,Ochtend,10,,,
Akkerland,1,Avond,12,,,
Akkerland,1,Middag,12,,,
Akkerland,1,Nacht,7,,,
Akkerland,1,Ochtend,3,,,
Akkerland,2,Avond,9,,,
Akkerland,2,Middag,2,,,
Akkerland,2,Nacht,6,,,
Akkerland,2,Ochtend,2,,,
Akkerland,3,Middag,1,,,
Amstel III/Bullewijk,1,Avond,175,T92,52.2987555,4.9505865
Amstel III/Bullewijk,1,Middag,223,T92,52.2987555,4.9505865
Amstel III/Bullewijk,1,Nacht,91,T92,52.2987555,4.9505865
Amstel III/Bullewijk,1,Ochtend,183,T92,52.2987555,4.9505865
Amstel III/Bullewijk,2,Avond,16,T92,52.2987555,4.9505865
Amstel III/Bullewijk,2,Middag,9,T92,52.2987555,4.9505865
Amstel III/Bullewijk,2,Nacht,3,T92,52.2987555,4.9505865
Amstel III/Bullewijk,2,Ochtend,2,T92,52.2987555,4.9505865
Amstel III/Bullewijk,3,Middag,2,T92,52.2987555,4.9505865
Amstel III/Bullewijk,3,Ochtend,1,T92,52.2987555,4.9505865
Amsterdamse Bos,1,Avond,13,,,
Amsterdamse Bos,1,Middag,16,,,
Amsterdamse Bos,1,Nacht,11,,,
Amsterdamse Bos,1,Ochtend,7,,,
Amsterdamse Bos,2,Avond,8,,,
Amsterdamse Bos,2,Nacht,4,,,
Amsterdamse Bos,2,Ochtend,3,,,
Anne Frank,1,Avond,1,,,
Apollobuurt,1,Avond,61,K49,52.3480995,4.875792
Apollobuurt,1,Middag,59,K49,52.3480995,4.875792
Apollobuurt,1,Nacht,36,K49,52.3480995,4.875792
Apollobuurt,1,Ochtend,47,K49,52.3480995,4.875792
Apollobuurt,2,Avond,14,K49,52.3480995,4.875792
Apollobuurt,2,Middag,13,K49,52.3480995,4.875792
Apollobuurt,2,Nacht,9,K49,52.3480995,4.875792
Apollobuurt,2,Ochtend,3,K49,52.3480995,4.875792
Bankras,1,Avond,123,,,
Bankras,1,Middag,183,,,
Bankras,1,Nacht,26,,,
Bankras,1,Ochtend,84,,,
Bankras,2,Avond,14,,,
Bankras,2,Middag,8,,,
Bankras,2,Nacht,2,,,
Bankras,2,Ochtend,2,,,
Bankras,3,Ochtend,1,,,
Banne Buiksloot,1,Avond,136,N70,52.407933,4.9165665
Banne Buiksloot,1,Middag,98,N70,52.407933,4.9165665
Banne Buiksloot,1,Nacht,97,N70,52.407933,4.9165665
Banne Buiksloot,1,Ochtend,40,N70,52.407933,4.9165665
Banne Buiksloot,2,Avond,45,N70,52.407933,4.9165665
Banne Buiksloot,2,Middag,25,N70,52.407933,4.9165665
Banne Buiksloot,2,Nacht,26,N70,52.407933,4.9165665
Banne Buiksloot,2,Ochtend,13,N70,52.407933,4.9165665
Banne Buiksloot,3,Avond,2,N70,52.407933,4.9165665
Bedrijventerrein,1,Avond,24,F11,52.392202,4.8011515
Bedrijventerrein,1,Middag,29,F11,52.392202,4.8011515
Bedrijventerrein,1,Nacht,19,F11,52.392202,4.8011515
Bedrijventerrein,1,Ochtend,19,F11,52.392202,4.8011515
Bedrijventerrein,2,Avond,5,F11,52.392202,4.8011515
Bedrijventerrein,2,Middag,1,F11,52.392202,4.8011515
Bedrijventerrein,2,Nacht,1,F11,52.392202,4.8011515
Bedrijventerrein,2,Ochtend,2,F11,52.392202,4.8011515
Bedrijventerrein Sloterdijk,1,Avond,121,F11,52.392202,4.8011515
Bedrijventerrein Sloterdijk,1,Middag,123,F11,52.392202,4.8011515
Bedrijventerrein Sloterdijk,1,Nacht,86,F11,52.392202,4.8011515
Bedrijventerrein Sloterdijk,1,Ochtend,124,F11,52.392202,4.8011515
Bedrijventerrein Sloterdijk,2,Avond,10,F11,52.392202,4.8011515
Bedrijventerrein Sloterdijk,2,Middag,15,F11,52.392202,4.8011515
Bedrijventerrein Sloterdijk,2,Nacht,16,F11,52.392202,4.8011515
Bedrijventerrein Sloterdijk,2,Ochtend,7,F11,52.392202,4.8011515
Bedrijventerrein Sloterdijk,3,Avond,2,F11,52.392202,4.8011515
Bedrijventerrein Sloterdijk,3,Nacht,1,F11,52.392202,4.8011515
Bedrijventerrein Sloterdijk,3,Ochtend,1,F11,52.392202,4.8011515
Bergwijkpark,1,Avond,31,,,
Bergwijkpark,1,Middag,23,,,
Bergwijkpark,1,Nacht,9,,,
Bergwijkpark,1,Ochtend,17,,,
Bergwijkpark,2,Avond,6,,,
Bergwijkpark,2,Middag,6,,,
Bergwijkpark,2,Nacht,4,,,
Bergwijkpark,2,Ochtend,3,,,
Betondorp,1,Avond,26,M57,52.342153,4.9399395
Betondorp,1,Middag,31,M57,52.342153,4.9399395
Betondorp,1,Nacht,27,M57,52.342153,4.9399395
Betondorp,1,Ochtend,14,M57,52.342153,4.9399395
Betondorp,2,Avond,10,M57,52.342153,4.9399395
Betondorp,2,Middag,8,M57,52.342153,4.9399395
Betondorp,2,Nacht,9,M57,52.342153,4.9399395
Betondorp,2,Ochtend,10,M57,52.342153,4.9399395
Betondorp,3,Middag,1,M57,52.342153,4.9399395
Betondorp,3,Nacht,1,M57,52.342153,4.9399395
Beukenhorst,1,Avond,7,,,
Beukenhorst,1,Middag,13,,,
Beukenhorst,1,Nacht,6,,,
Beukenhorst,1,Ochtend,4,,,
Beukenhorst,2,Ochtend,1,,,
Biesbosch,1,Avond,8,,,
Biesbosch,1,Middag,4,,,
Biesbosch,1,Nacht,2,,,
Biesbosch,1,Ochtend,1,,,
Biesbosch,2,Avond,4,,,
Biesbosch,2,Middag,3,,,
Biesbosch,2,Ochtend,1,,,
Bijlmer-Centrum (D,1,Avond,309,,,
Bijlmer-Centrum (D,1,Middag,245,,,
Bijlmer-Centrum (D,1,Nacht,180,,,
Bijlmer-Centrum (D,1,Ochtend,145,,,
Bijlmer-Centrum (D,2,Avond,76,,,
Bijlmer-Centrum (D,2,Middag,36,,,
Bijlmer-Centrum (D,2,Nacht,48,,,
Bijlmer-Centrum (D,2,Ochtend,22,,,
Bijlmer-Centrum (D,3,Avond,3,,,
Bijlmer-Centrum (D,3,Ochtend,3,,,
Bijlmer-Oost (E,1,Avond,282,,,
Bijlmer-Oost (E,1,Middag,229,,,
Bijlmer-Oost (E,1,Nacht,111,,,
Bijlmer-Oost (E,1,Ochtend,105,,,
Bijlmer-Oost (E,2,Avond,46,,,
Bijlmer-Oost (E,2,Middag,34,,,
Bijlmer-Oost (E,2,Nacht,26,,,
Bijlmer-Oost (E,2,Ochtend,14,,,
Bijlmer-Oost (E,3,Avond,4,,,
Bijlmer-Oost (E,3,Middag,2,,,
Bomenrijk,1,Avond,10,,,
Bomenrijk,1,Middag,5,,,
Bomenrijk,1,Nacht,7,,,
Bomenrijk,1,Ochtend,3,,,
Bomenrijk,2,Avond,3,,,
Bomenrijk,2,Middag,1,,,
Bomenrijk,2,Nacht,5,,,
Bomenrijk,2,Ochtend,1,,,
Bovenkerk en Legmeer,1,Avond,17,,,
Bovenkerk en Legmeer,1,Middag,21,,,
Bovenkerk en Legmeer,1,Nacht,6,,,
Bovenkerk en Legmeer,1,Ochtend,13,,,
Bovenkerk en Legmeer,2,Avond,2,,,
Bovenkerk en Legmeer,2,Nacht,1,,,
Bovenkerk en Legmeer,2,Ochtend,1,,,
Bovenlanden,1,Avond,18,,,
Bovenlanden,1,Middag,21,,,
Bovenlanden,1,Nacht,13,,,
Bovenlanden,1,Ochtend,13,,,
Bovenlanden,2,Avond,2,,,
Bovenlanden,2,Nacht,4,,,
Bovenlanden,2,Ochtend,1,,,
Bovenlanden,3,Ochtend,1,,,
Buiksloterham,1,Avond,115,,,
Buiksloterham,1,Middag,103,,,
Buiksloterham,1,Nacht,89,,,
Buiksloterham,1,Ochtend,86,,,
Buiksloterham,2,Avond,26,,,
Buiksloterham,2,Middag,9,,,
Buiksloterham,2,Nacht,12,,,
Buiksloterham,2,Ochtend,9,,,
Buiksloterham,3,Avond,1,,,
Buiksloterham,3,Middag,2,,,
Buikslotermeer,1,Avond,160,N69,52.400173,4.9381745
Buikslotermeer,1,Middag,127,N69,52.400173,4.9381745
Buikslotermeer,1,Nacht,80,N69,52.400173,4.9381745
Buikslotermeer,1,Ochtend,80,N69,52.400173,4.9381745
Buikslotermeer,2,Avond,34,N69,52.400173,4.9381745
Buikslotermeer,2,Middag,27,N69,52.400173,4.9381745
Buikslotermeer,2,Nacht,21,N69,52.400173,4.9381745
Buikslotermeer,2,Ochtend,14,N69,52.400173,4.9381745
Buikslotermeer,3,Middag,1,N69,52.400173,4.9381745
Buitengebied-Noord,1,Avond,14,,,
Buitengebied-Noord,1,Middag,41,,,
Buitengebied-Noord,1,Nacht,9,,,
Buitengebied-Noord,1,Ochtend,22,,,
Buitengebied-Noord,2,Avond,2,,,
Buitengebied-Noord,2,Middag,3,,,
Buitengebied-Noord,2,Nacht,1,,,
Buitengebied-Noord,3,Avond,1,,,
Buitengebied-Zuid,1,Avond,28,,,
Buitengebied-Zuid,1,Middag,20,,,
Buitengebied-Zuid,1,Nacht,12,,,
Buitengebied-Zuid,1,Ochtend,16,,,
Buitengebied-Zuid,2,Avond,5,,,
Buitengebied-Zuid,2,Middag,7,,,
Buitengebied-Zuid,2,Nacht,1,,,
Buitengebied-Zuid,3,Middag,1,,,
Buitenlust,1,Avond,7,,,
Buitenlust,1,Middag,4,,,
Buitenlust,1,Nacht,4,,,
Buitenlust,1,Ochtend,2,,,
Buitenlust,2,Avond,5,,,
Buitenlust,2,Middag,3,,,
Buitenlust,2,Nacht,1,,,
Buitenveldert-Oost,1,Avond,79,K91,52.329135,4.8885105
Buitenveldert-Oost,1,Middag,62,K91,52.329135,4.8885105
Buitenveldert-Oost,1,Nacht,43,K91,52.329135,4.8885105
Buitenveldert-Oost,1,Ochtend,41,K91,52.329135,4.8885105
Buitenveldert-Oost,2,Avond,20,K91,52.329135,4.8885105
Buitenveldert-Oost,2,Middag,9,K91,52.329135,4.8885105
Buitenveldert-Oost,2,Nacht,8,K91,52.329135,4.8885105
Buitenveldert-Oost,2,Ochtend,9,K91,52.329135,4.8885105
Buitenveldert-Oost,3,Ochtend,1,K91,52.329135,4.8885105
Buitenveldert-West,1,Avond,128,K90,52.3301585,4.848372
Buitenveldert-West,1,Middag,160,K90,52.3301585,4.848372
Buitenveldert-West,1,Nacht,74,K90,52.3301585,4.848372
Buitenveldert-West,1,Ochtend,135,K90,52.3301585,4.848372
Buitenveldert-West,2,Avond,40,K90,52.3301585,4.848372
Buitenveldert-West,2,Middag,21,K90,52.3301585,4.848372
Buitenveldert-West,2,Nacht,13,K90,52.3301585,4.848372
Buitenveldert-West,2,Ochtend,9,K90,52.3301585,4.848372
Buitenveldert-West,3,Ochtend,1,K90,52.3301585,4.848372
Burgwallen-Nieuwe Zijde,1,Avond,190,A01,52.374935,4.897118
Burgwallen-Nieuwe Zijde,1,Middag,213,A01,52.374935,4.897118
Burgwallen-Nieuwe Zijde,1,Nacht,126,A01,52.374935,4.897118
Burgwallen-Nieuwe Zijde,1,Ochtend,191,A01,52.374935,4.897118
Burgwallen-Nieuwe Zijde,2,Avond,17,A01,52.374935,4.897118
Burgwallen-Nieuwe Zijde,2,Middag,17,A01,52.374935,4.897118
Burgwallen-Nieuwe Zijde,2,Nacht,29,A01,52.374935,4.897118
Burgwallen-Nieuwe Zijde,2,Ochtend,8,A01,52.374935,4.897118
Burgwallen-Nieuwe Zijde,3,Avond,1,A01,52.374935,4.897118
Burgwallen-Nieuwe Zijde,3,Middag,1,A01,52.374935,4.897118
Burgwallen-Nieuwe Zijde,3,Nacht,1,A01,52.374935,4.897118
Burgwallen-Oude Zijde,1,Avond,159,A00,52.372295,4.897634
Burgwallen-Oude Zijde,1,Middag,112,A00,52.372295,4.897634
Burgwallen-Oude Zijde,1,Nacht,94,A00,52.372295,4.897634
Burgwallen-Oude Zijde,1,Ochtend,140,A00,52.372295,4.897634
Burgwallen-Oude Zijde,2,Avond,12,A00,52.372295,4.897634
Burgwallen-Oude Zijde,2,Middag,3,A00,52.372295,4.897634
Burgwallen-Oude Zijde,2,Nacht,29,A00,52.372295,4.897634
Burgwallen-Oude Zijde,2,Ochtend,7,A00,52.372295,4.897634
Burgwallen-Oude Zijde,3,Avond,1,A00,52.372295,4.897634
Burgwallen-Oude Zijde,3,Nacht,1,A00,52.372295,4.897634
Buytenstee,1,Avond,8,,,
Buytenstee,1,Middag,7,,,
Buytenstee,1,Nacht,5,,,
Buytenstee,1,Ochtend,5,,,
Buytenstee,2,Avond,4,,,
Buytenstee,2,Middag,3,,,
Buytenstee,2,Ochtend,1,,,
Centrale Markt,1,Avond,25,E15,52.3790425,4.8656735
Centrale Markt,1,Middag,30,E15,52.3790425,4.8656735
Centrale Markt,1,Nacht,12,E15,52.3790425,4.8656735
Centrale Markt,1,Ochtend,19,E15,52.3790425,4.8656735
Centrale Markt,2,Avond,4,E15,52.3790425,4.8656735
Centrale Markt,2,Middag,6,E15,52.3790425,4.8656735
Centrale Markt,2,Nacht,4,E15,52.3790425,4.8656735
Centrale Markt,2,Ochtend,3,E15,52.3790425,4.8656735
Centrale Markt,3,Middag,1,E15,52.3790425,4.8656735
Centrale Markt,3,Ochtend,1,E15,52.3790425,4.8656735
Centrum,1,Avond,19,T93,52.315318,4.954521
Centrum,1,Middag,22,T93,52.315318,4.954521
Centrum,1,Nacht,12,T93,52.315318,4.954521
Centrum,1,Ochtend,11,T93,52.315318,4.954521
Centrum,2,Avond,2,T93,52.315318,4.954521
Centrum,2,Middag,3,T93,52.315318,4.954521
Centrum,2,Nacht,2,T93,52.315318,4.954521
Centrum-Oost,1,Avond,5,,,
Centrum-Oost,1,Middag,5,,,
Centrum-Oost,1,Nacht,6,,,
Centrum-Oost,1,Ochtend,4,,,
Centrum-Oost,2,Avond,5,,,
Centrum-Oost,2,Middag,4,,,
Centrum-Oost,2,Nacht,5,,,
Centrum-West,1,Avond,11,,,
Centrum-West,1,Middag,10,,,
Centrum-West,1,Nacht,4,,,
Centrum-West,1,Ochtend,8,,,
Centrum-West,2,Avond,4,,,
Centrum-West,2,Middag,2,,,
Centrum-West,2,Nacht,3,,,
Centrum-West,2,Ochtend,2,,,
Centrum-West,3,Avond,2,,,
Da Costabuurt,1,Avond,61,E17,52.3701305,4.8721075
Da Costabuurt,1,Middag,46,E17,52.3701305,4.8721075
Da Costabuurt,1,Nacht,26,E17,52.3701305,4.8721075
Da Costabuurt,1,Ochtend,23,E17,52.3701305,4.8721075
Da Costabuurt,2,Avond,10,E17,52.3701305,4.8721075
Da Costabuurt,2,Middag,11,E17,52.3701305,4.8721075
Da Costabuurt,2,Nacht,11,E17,52.3701305,4.8721075
Da Costabuurt,2,Ochtend,8,E17,52.3701305,4.8721075
Dapperbuurt,1,Avond,106,M29,52.3609545,4.929872
Dapperbuurt,1,Middag,95,M29,52.3609545,4.929872
Dapperbuurt,1,Nacht,52,M29,52.3609545,4.929872
Dapperbuurt,1,Ochtend,61,M29,52.3609545,4.929872
Dapperbuurt,2,Avond,14,M29,52.3609545,4.929872
Dapperbuurt,2,Middag,18,M29,52.3609545,4.929872
Dapperbuurt,2,Nacht,13,M29,52.3609545,4.929872
Dapperbuurt,2,Ochtend,14,M29,52.3609545,4.929872
De Kolenkit,1,Avond,111,E39,52.3786475,4.8413775
De Kolenkit,1,Middag,98,E39,52.3786475,4.8413775
De Kolenkit,1,Nacht,65,E39,52.3786475,4.8413775
De Kolenkit,1,Ochtend,42,E39,52.3786475,4.8413775
De Kolenkit,2,Avond,23,E39,52.3786475,4.8413775
De Kolenkit,2,Middag,13,E39,52.3786475,4.8413775
De Kolenkit,2,Nacht,9,E39,52.3786475,4.8413775
De Kolenkit,2,Ochtend,7,E39,52.3786475,4.8413775
De Kolenkit,3,Avond,1,E39,52.3786475,4.8413775
De Kolenkit,3,Middag,1,E39,52.3786475,4.8413775
De Kolenkit,3,Nacht,1,E39,52.3786475,4.8413775
De Krommert,1,Avond,82,,,
De Krommert,1,Middag,85,,,
De Krommert,1,Nacht,56,,,
De Krommert,1,Ochtend,33,,,
De Krommert,2,Avond,24,,,
De Krommert,2,Middag,18,,,
De Krommert,2,Nacht,12,,,
De Krommert,2,Ochtend,4,,,
De Omval,1,Avond,345,,,
De Omval,1,Middag,525,,,
De Omval,1,Nacht,140,,,
De Omval,1,Ochtend,400,,,
De Omval,2,Avond,14,,,
De Omval,2,Middag,10,,,
De Omval,2,Nacht,11,,,
De Omval,2,Ochtend,9,,,
De Punt,1,Avond,47,F83,52.3576805,4.784397
De Punt,1,Middag,60,F83,52.3576805,4.784397
De Punt,1,Nacht,37,F83,52.3576805,4.784397
De Punt,1,Ochtend,27,F83,52.3576805,4.784397
De Punt,2,Avond,17,F83,52.3576805,4.784397
De Punt,2,Middag,13,F83,52.3576805,4.784397
De Punt,2,Nacht,6,F83,52.3576805,4.784397
De Punt,2,Ochtend,5,F83,52.3576805,4.784397
De Weteringschans,1,Avond,107,A07,52.3620555,4.8919255
De Weteringschans,1,Middag,120,A07,52.3620555,4.8919255
De Weteringschans,1,Nacht,106,A07,52.3620555,4.8919255
De Weteringschans,1,Ochtend,111,A07,52.3620555,4.8919255
De Weteringschans,2,Avond,14,A07,52.3620555,4.8919255
De Weteringschans,2,Middag,12,A07,52.3620555,4.8919255
De Weteringschans,2,Nacht,27,A07,52.3620555,4.8919255
De Weteringschans,2,Ochtend,4,A07,52.3620555,4.8919255
De Weteringschans,3,Avond,1,A07,52.3620555,4.8919255
De Weteringschans,3,Middag,1,A07,52.3620555,4.8919255
Diamantbuurt,1,Avond,89,,,
Diamantbuurt,1,Middag,49,,,
Diamantbuurt,1,Nacht,45,,,
Diamantbuurt,1,Ochtend,31,,,
Diamantbuurt,2,Avond,18,,,
Diamantbuurt,2,Middag,6,,,
Diamantbuurt,2,Nacht,8,,,
Diamantbuurt,2,Ochtend,4,,,
Diamantbuurt,3,Middag,1,,,
Dorpscentrumcentrum,1,Avond,29,,,
Dorpscentrumcentrum,1,Middag,49,,,
Dorpscentrumcentrum,1,Nacht,10,,,
Dorpscentrumcentrum,1,Ochtend,45,,,
Dorpscentrumcentrum,2,Avond,2,,,
Dorpscentrumcentrum,2,Nacht,1,,,
Dorpscentrumcentrum,2,Ochtend,1,,,
Driemond,1,Avond,13,T98,52.3134855,5.0093725
Driemond,1,Middag,10,T98,52.3134855,5.0093725
Driemond,1,Nacht,2,T98,52.3134855,5.0093725
Driemond,1,Ochtend,1,T98,52.3134855,5.0093725
Driemond,2,Avond,7,T98,52.3134855,5.0093725
Driemond,2,Middag,5,T98,52.3134855,5.0093725
Driemond,2,Nacht,13,T98,52.3134855,5.0093725
Driemond,2,Ochtend,3,T98,52.3134855,5.0093725
Driemond,3,Nacht,1,T98,52.3134855,5.0093725
Duivelseiland,1,Avond,9,,,
Duivelseiland,1,Middag,7,,,
Duivelseiland,1,Nacht,8,,,
Duivelseiland,1,Ochtend,3,,,
Duivelseiland,2,Avond,3,,,
Duivelseiland,2,Nacht,3,,,
Duivelseiland,2,Ochtend,1,,,
Duivendrecht,1,Avond,67,,,
Duivendrecht,1,Middag,49,,,
Duivendrecht,1,Nacht,52,,,
Duivendrecht,1,Ochtend,42,,,
Duivendrecht,2,Avond,11,,,
Duivendrecht,2,Middag,10,,,
Duivendrecht,2,Nacht,7,,,
Duivendrecht,2,Ochtend,1,,,
Duivendrecht,3,Middag,1,,,
Eendracht,1,Avond,39,F79,52.3770435,4.7766975
Eendracht,1,Middag,19,F79,52.3770435,4.7766975
Eendracht,1,Nacht,24,F79,52.3770435,4.7766975
Eendracht,1,Ochtend,6,F79,52.3770435,4.7766975
Eendracht,2,Avond,10,F79,52.3770435,4.7766975
Eendracht,2,Middag,10,F79,52.3770435,4.7766975
Eendracht,2,Nacht,5,F79,52.3770435,4.7766975
Eendracht,2,Ochtend,4,F79,52.3770435,4.7766975
Eendracht,3,Avond,1,F79,52.3770435,4.7766975
Elsrijk-Oost,1,Avond,35,,,
Elsrijk-Oost,1,Middag,34,,,
Elsrijk-Oost,1,Nacht,18,,,
Elsrijk-Oost,1,Ochtend,20,,,
Elsrijk-Oost,2,Avond,7,,,
Elsrijk-Oost,2,Middag,6,,,
Elsrijk-Oost,2,Nacht,5,,,
Elsrijk-Oost,2,Ochtend,5,,,
Elsrijk-Oost,3,Avond,1,,,
Elsrijk-West,1,Avond,17,,,
Elsrijk-West,1,Middag,21,,,
Elsrijk-West,1,Nacht,5,,,
Elsrijk-West,1,Ochtend,8,,,
Elsrijk-West,2,Avond,9,,,
Elsrijk-West,2,Middag,3,,,
Elsrijk-West,2,Nacht,5,,,
Elsrijk-West,2,Ochtend,1,,,
Elsrijk-West,3,Ochtend,1,,,
Erasmuspark,1,Avond,48,E38,52.376243,4.8511805
Erasmuspark,1,Middag,45,E38,52.376243,4.8511805
Erasmuspark,1,Nacht,30,E38,52.376243,4.8511805
Erasmuspark,1,Ochtend,22,E38,52.376243,4.8511805
Erasmuspark,2,Avond,18,E38,52.376243,4.8511805
Erasmuspark,2,Middag,16,E38,52.376243,4.8511805
Erasmuspark,2,Nacht,6,E38,52.376243,4.8511805
Erasmuspark,2,Ochtend,2,E38,52.376243,4.8511805
Frankendael,1,Avond,175,M55,52.347574,4.9262095
Frankendael,1,Middag,128,M55,52.347574,4.9262095
Frankendael,1,Nacht,123,M55,52.347574,4.9262095
Frankendael,1,Ochtend,90,M55,52.347574,4.9262095
Frankendael,2,Avond,48,M55,52.347574,4.9262095
Frankendael,2,Middag,24,M55,52.347574,4.9262095
Frankendael,2,Nacht,29,M55,52.347574,4.9262095
Frankendael,2,Ochtend,9,M55,52.347574,4.9262095
Frankendael,3,Avond,1,M55,52.347574,4.9262095
Frankendael,3,Ochtend,2,M55,52.347574,4.9262095
Frederik Hendrikbuurt,1,Avond,54,E16,52.3767595,4.873115
Frederik Hendrikbuurt,1,Middag,51,E16,52.3767595,4.873115
Frederik Hendrikbuurt,1,Nacht,37,E16,52.3767595,4.873115
Frederik Hendrikbuurt,1,Ochtend,26,E16,52.3767595,4.873115
Frederik Hendrikbuurt,2,Avond,12,E16,52.3767595,4.873115
Frederik Hendrikbuurt,2,Middag,7,E16,52.3767595,4.873115
Frederik Hendrikbuurt,2,Nacht,6,E16,52.3767595,4.873115
Frederik Hendrikbuurt,2,Ochtend,2,E16,52.3767595,4.873115
Gein,1,Avond,80,T97,52.2955235,4.9939255
Gein,1,Middag,60,T97,52.2955235,4.9939255
Gein,1,Nacht,52,T97,52.2955235,4.9939255
Gein,1,Ochtend,22,T97,52.2955235,4.9939255
Gein,2,Avond,23,T97,52.2955235,4.9939255
Gein,2,Middag,16,T97,52.2955235,4.9939255
Gein,2,Nacht,20,T97,52.2955235,4.9939255
Gein,2,Ochtend,10,T97,52.2955235,4.9939255
Gein,3,Middag,1,T97,52.2955235,4.9939255
Geuzenveld,1,Avond,170,F78,52.3785475,4.801818
Geuzenveld,1,Middag,130,F78,52.3785475,4.801818
Geuzenveld,1,Nacht,92,F78,52.3785475,4.801818
Geuzenveld,1,Ochtend,60,F78,52.3785475,4.801818
Geuzenveld,2,Avond,49,F78,52.3785475,4.801818
Geuzenveld,2,Middag,32,F78,52.3785475,4.801818
Geuzenveld,2,Nacht,23,F78,52.3785475,4.801818
Geuzenveld,2,Ochtend,8,F78,52.3785475,4.801818
Geuzenveld,3,Avond,1,F78,52.3785475,4.801818
Geuzenveld,3,Nacht,1,F78,52.3785475,4.801818
Geuzenveld,3,Ochtend,1,F78,52.3785475,4.801818
Glastuinbouwgebied,1,Avond,4,,,
Glastuinbouwgebied,1,Middag,6,,,
Glastuinbouwgebied,1,Nacht,5,,,
Glastuinbouwgebied,1,Ochtend,5,,,
Glastuinbouwgebied,2,Avond,2,,,
Grachtengordel-West,1,Avond,112,A02,52.373349,4.8882135
Grachtengordel-West,1,Middag,95,A02,52.373349,4.8882135
Grachtengordel-West,1,Nacht,57,A02,52.373349,4.8882135
Grachtengordel-West,1,Ochtend,74,A02,52.373349,4.8882135
Grachtengordel-West,2,Avond,7,A02,52.373349,4.8882135
Grachtengordel-West,2,Middag,8,A02,52.373349,4.8882135
Grachtengordel-West,2,Nacht,15,A02,52.373349,4.8882135
Grachtengordel-West,2,Ochtend,3,A02,52.373349,4.8882135
Grachtengordel-West,3,Middag,1,A02,52.373349,4.8882135
Grachtengordel-West,3,Nacht,3,A02,52.373349,4.8882135
Grachtengordel-Zuid,1,Avond,103,A03,52.365051,4.892784
Grachtengordel-Zuid,1,Middag,103,A03,52.365051,4.892784
Grachtengordel-Zuid,1,Nacht,72,A03,52.365051,4.892784
Grachtengordel-Zuid,1,Ochtend,76,A03,52.365051,4.892784
Grachtengordel-Zuid,2,Avond,5,A03,52.365051,4.892784
Grachtengordel-Zuid,2,Middag,5,A03,52.365051,4.892784
Grachtengordel-Zuid,2,Nacht,9,A03,52.365051,4.892784
Grachtengordel-Zuid,2,Ochtend,4,A03,52.365051,4.892784
Grachtengordel-Zuid,3,Middag,2,A03,52.365051,4.892784
Grachtengordel-Zuid,3,Ochtend,1,A03,52.365051,4.892784
Greenpark,1,Avond,11,,,
Greenpark,1,Middag,12,,,
Greenpark,1,Nacht,7,,,
Greenpark,1,Ochtend,10,,,
Greenpark,2,Avond,1,,,
Greenpark,2,Middag,2,,,
Greenpark,2,Nacht,4,,,
Groenelaan,1,Avond,158,,,
Groenelaan,1,Middag,229,,,
Groenelaan,1,Nacht,68,,,
Groenelaan,1,Ochtend,172,,,
Groenelaan,2,Avond,9,,,
Groenelaan,2,Middag,19,,,
Groenelaan,2,Nacht,5,,,
Groenelaan,2,Ochtend,5,,,
Groenelaan,3,Middag,1,,,
Haarlemmerbuurt,1,Avond,82,A05,52.383729,4.8902195
Haarlemmerbuurt,1,Middag,71,A05,52.383729,4.8902195
Haarlemmerbuurt,1,Nacht,60,A05,52.383729,4.8902195
Haarlemmerbuurt,1,Ochtend,65,A05,52.383729,4.8902195
Haarlemmerbuurt,2,Avond,12,A05,52.383729,4.8902195
Haarlemmerbuurt,2,Middag,8,A05,52.383729,4.8902195
Haarlemmerbuurt,2,Nacht,10,A05,52.383729,4.8902195
Haarlemmerbuurt,2,Ochtend,3,A05,52.383729,4.8902195
Helmersbuurt,1,Avond,75,E20,52.3635335,4.8715505
Helmersbuurt,1,Middag,60,E20,52.3635335,4.8715505
Helmersbuurt,1,Nacht,44,E20,52.3635335,4.8715505
Helmersbuurt,1,Ochtend,48,E20,52.3635335,4.8715505
Helmersbuurt,2,Avond,10,E20,52.3635335,4.8715505
Helmersbuurt,2,Middag,11,E20,52.3635335,4.8715505
Helmersbuurt,2,Nacht,11,E20,52.3635335,4.8715505
Helmersbuurt,2,Ochtend,4,E20,52.3635335,4.8715505
Helmersbuurt,3,Nacht,1,E20,52.3635335,4.8715505
Helmersbuurt,3,Ochtend,1,E20,52.3635335,4.8715505
Holendrecht/Reigersbos,1,Avond,150,T96,52.2961795,4.9694905
Holendrecht/Reigersbos,1,Middag,135,T96,52.2961795,4.9694905
Holendrecht/Reigersbos,1,Nacht,91,T96,52.2961795,4.9694905
Holendrecht/Reigersbos,1,Ochtend,45,T96,52.2961795,4.9694905
Holendrecht/Reigersbos,2,Avond,43,T96,52.2961795,4.9694905
Holendrecht/Reigersbos,2,Middag,24,T96,52.2961795,4.9694905
Holendrecht/Reigersbos,2,Nacht,18,T96,52.2961795,4.9694905
Holendrecht/Reigersbos,2,Ochtend,8,T96,52.2961795,4.9694905
Holendrecht/Reigersbos,3,Nacht,1,T96,52.2961795,4.9694905
Holendrecht/Reigersbos,3,Ochtend,1,T96,52.2961795,4.9694905
Hoofddorppleinbuurt,1,Avond,82,K44,52.3480815,4.8481375
Hoofddorppleinbuurt,1,Middag,65,K44,52.3480815,4.8481375
Hoofddorppleinbuurt,1,Nacht,46,K44,52.3480815,4.8481375
Hoofddorppleinbuurt,1,Ochtend,43,K44,52.3480815,4.8481375
Hoofddorppleinbuurt,2,Avond,12,K44,52.3480815,4.8481375
Hoofddorppleinbuurt,2,Middag,12,K44,52.3480815,4.8481375
Hoofddorppleinbuurt,2,Nacht,14,K44,52.3480815,4.8481375
Hoofddorppleinbuurt,2,Ochtend,7,K44,52.3480815,4.8481375
Hoofddorppleinbuurt,3,Middag,1,K44,52.3480815,4.8481375
Hoofddorppleinbuurt,3,Nacht,1,K44,52.3480815,4.8481375
Hoofdweg en omgeving,1,Avond,98,,,
Hoofdweg en omgeving,1,Middag,69,,,
Hoofdweg en omgeving,1,Nacht,43,,,
Hoofdweg en omgeving,1,Ochtend,39,,,
Hoofdweg en omgeving,2,Avond,11,,,
Hoofdweg en omgeving,2,Middag,18,,,
Hoofdweg en omgeving,2,Nacht,17,,,
Hoofdweg en omgeving,2,Ochtend,8,,,
Hoofdweg en omgeving,3,Avond,1,,,
Hoofdweg en omgeving,3,Nacht,1,,,
Hornmeer,1,Avond,59,,,
Hornmeer,1,Middag,82,,,
Hornmeer,1,Nacht,29,,,
Hornmeer,1,Ochtend,89,,,
Hornmeer,2,Avond,6,,,
Hornmeer,2,Middag,5,,,
Hornmeer,2,Nacht,3,,,
Hornmeer,2,Ochtend,4,,,
Hornmeer,3,Ochtend,1,,,
Houthavens,1,Avond,19,E12,52.3937845,4.8803175
Houthavens,1,Middag,19,E12,52.3937845,4.8803175
Houthavens,1,Nacht,18,E12,52.3937845,4.8803175
Houthavens,1,Ochtend,8,E12,52.3937845,4.8803175
Houthavens,2,Avond,6,E12,52.3937845,4.8803175
Houthavens,2,Middag,6,E12,52.3937845,4.8803175
Houthavens,2,Nacht,10,E12,52.3937845,4.8803175
Houthavens,2,Ochtend,1,E12,52.3937845,4.8803175
Houthavens,3,Nacht,1,E12,52.3937845,4.8803175
IJburg West,1,Avond,111,M35,52.359685,4.991164
IJburg West,1,Middag,86,M35,52.359685,4.991164
IJburg West,1,Nacht,39,M35,52.359685,4.991164
IJburg West,1,Ochtend,50,M35,52.359685,4.991164
IJburg West,2,Avond,33,M35,52.359685,4.991164
IJburg West,2,Middag,19,M35,52.359685,4.991164
IJburg West,2,Nacht,7,M35,52.359685,4.991164
IJburg West,2,Ochtend,4,M35,52.359685,4.991164
IJburg West,3,Avond,2,M35,52.359685,4.991164
IJburg West,3,Ochtend,1,M35,52.359685,4.991164
IJburg Zuid,1,Avond,37,M51,52.3493295,5.006388
IJburg Zuid,1,Middag,36,M51,52.3493295,5.006388
IJburg Zuid,1,Nacht,18,M51,52.3493295,5.006388
IJburg Zuid,1,Ochtend,16,M51,52.3493295,5.006388
IJburg Zuid,2,Avond,8,M51,52.3493295,5.006388
IJburg Zuid,2,Middag,10,M51,52.3493295,5.006388
IJburg Zuid,2,Nacht,3,M51,52.3493295,5.006388
IJburg Zuid,2,Ochtend,5,M51,52.3493295,5.006388
IJselbuurt,1,Avond,46,K53,52.3480695,4.9039145
IJselbuurt,1,Middag,35,K53,52.3480695,4.9039145
IJselbuurt,1,Nacht,22,K53,52.3480695,4.9039145
IJselbuurt,1,Ochtend,21,K53,52.3480695,4.9039145
IJselbuurt,2,Avond,12,K53,52.3480695,4.9039145
IJselbuurt,2,Middag,7,K53,52.3480695,4.9039145
IJselbuurt,2,Nacht,4,K53,52.3480695,4.9039145
IJselbuurt,2,Ochtend,3,K53,52.3480695,4.9039145
IJselbuurt,3,Avond,1,K53,52.3480695,4.9039145
Ijplein/Vogelbuurt,1,Avond,102,,,
Ijplein/Vogelbuurt,1,Middag,78,,,
Ijplein/Vogelbuurt,1,Nacht,76,,,
Ijplein/Vogelbuurt,1,Ochtend,34,,,
Ijplein/Vogelbuurt,2,Avond,38,,,
Ijplein/Vogelbuurt,2,Middag,12,,,
Ijplein/Vogelbuurt,2,Nacht,11,,,
Ijplein/Vogelbuurt,2,Ochtend,9,,,
Ijplein/Vogelbuurt,3,Avond,1,,,
Ijplein/Vogelbuurt,3,Ochtend,1,,,
Indische Buurt Oost,1,Avond,106,M32,52.363115,4.950387
Indische Buurt Oost,1,Middag,87,M32,52.363115,4.950387
Indische Buurt Oost,1,Nacht,57,M32,52.363115,4.950387
Indische Buurt Oost,1,Ochtend,36,M32,52.363115,4.950387
Indische Buurt Oost,2,Avond,18,M32,52.363115,4.950387
Indische Buurt Oost,2,Middag,24,M32,52.363115,4.950387
Indische Buurt Oost,2,Nacht,10,M32,52.363115,4.950387
Indische Buurt Oost,2,Ochtend,11,M32,52.363115,4.950387
Indische Buurt Oost,3,Avond,1,M32,52.363115,4.950387
Indische Buurt West,1,Avond,90,M31,52.362194,4.936081
Indische Buurt West,1,Middag,78,M31,52.362194,4.936081
Indische Buurt West,1,Nacht,60,M31,52.362194,4.936081
Indische Buurt West,1,Ochtend,49,M31,52.362194,4.936081
Indische Buurt West,2,Avond,18,M31,52.362194,4.936081
Indische Buurt West,2,Middag,17,M31,52.362194,4.936081
Indische Buurt West,2,Nacht,12,M31,52.362194,4.936081
Indische Buurt West,2,Ochtend,5,M31,52.362194,4.936081
Indische Buurt West,3,Ochtend,1,M31,52.362194,4.936081
Industriegebied Amstel,1,Avond,31,,,
Industriegebied Amstel,1,Middag,34,,,
Industriegebied Amstel,1,Nacht,26,,,
Industriegebied Amstel,1,Ochtend,31,,,
Industriegebied Amstel,2,Avond,3,,,
Industriegebied Amstel,2,Nacht,3,,,
Industriegebied Amstel,2,Ochtend,4,,,
Industriegebied Amstel,3,Middag,1,,,
Jordaan,1,Avond,162,A06,52.3745525,4.8814385
Jordaan,1,Middag,138,A06,52.3745525,4.8814385
Jordaan,1,Nacht,94,A06,52.3745525,4.8814385
Jordaan,1,Ochtend,92,A06,52.3745525,4.8814385
Jordaan,2,Avond,16,A06,52.3745525,4.8814385
Jordaan,2,Middag,13,A06,52.3745525,4.8814385
Jordaan,2,Nacht,17,A06,52.3745525,4.8814385
Jordaan,2,Ochtend,14,A06,52.3745525,4.8814385
Jordaan,3,Avond,3,A06,52.3745525,4.8814385
Jordaan,3,Middag,1,A06,52.3745525,4.8814385
Kadoelen,1,Avond,40,N67,52.4161945,4.9091525
Kadoelen,1,Middag,24,N67,52.4161945,4.9091525
Kadoelen,1,Nacht,19,N67,52.4161945,4.9091525
Kadoelen,1,Ochtend,13,N67,52.4161945,4.9091525
Kadoelen,2,Avond,11,N67,52.4161945,4.9091525
Kadoelen,2,Middag,4,N67,52.4161945,4.9091525
Kadoelen,2,Nacht,4,N67,52.4161945,4.9091525
Kadoelen,2,Ochtend,2,N67,52.4161945,4.9091525
Keizer Karelpark-Oost,1,Avond,49,,,
Keizer Karelpark-Oost,1,Middag,60,,,
Keizer Karelpark-Oost,1,Nacht,25,,,
Keizer Karelpark-Oost,1,Ochtend,36,,,
Keizer Karelpark-Oost,2,Avond,13,,,
Keizer Karelpark-Oost,2,Middag,21,,,
Keizer Karelpark-Oost,2,Nacht,8,,,
Keizer Karelpark-Oost,2,Ochtend,2,,,
Keizer Karelpark-West,1,Avond,92,,,
Keizer Karelpark-West,1,Middag,113,,,
Keizer Karelpark-West,1,Nacht,29,,,
Keizer Karelpark-West,1,Ochtend,87,,,
Keizer Karelpark-West,2,Avond,7,,,
Keizer Karelpark-West,2,Middag,11,,,
Keizer Karelpark-West,2,Nacht,7,,,
Keizer Karelpark-West,2,Ochtend,6,,,
Keizer Karelpark-West,3,Middag,1,,,
Kinkerbuurt,1,Avond,51,E18,52.368099,4.86544
Kinkerbuurt,1,Middag,53,E18,52.368099,4.86544
Kinkerbuurt,1,Nacht,28,E18,52.368099,4.86544
Kinkerbuurt,1,Ochtend,23,E18,52.368099,4.86544
Kinkerbuurt,2,Avond,11,E18,52.368099,4.86544
Kinkerbuurt,2,Middag,10,E18,52.368099,4.86544
Kinkerbuurt,2,Nacht,14,E18,52.368099,4.86544
Kinkerbuurt,2,Ochtend,5,E18,52.368099,4.86544
Kostverloren,1,Avond,20,,,
Kostverloren,1,Middag,22,,,
Kostverloren,1,Nacht,6,,,
Kostverloren,1,Ochtend,18,,,
Kostverloren,2,Avond,8,,,
Kostverloren,2,Middag,7,,,
Kostverloren,2,Nacht,3,,,
Kostverloren,2,Ochtend,6,,,
Kostverloren,3,Avond,1,,,
Kruidenhof,1,Avond,12,,,
Kruidenhof,1,Middag,9,,,
Kruidenhof,1,Nacht,6,,,
Kruidenhof,1,Ochtend,7,,,
Kruidenhof,2,Avond,1,,,
Kruidenhof,2,Middag,2,,,
Kruidenhof,2,Nacht,3,,,
Kudelstaart,1,Avond,51,,,
Kudelstaart,1,Middag,30,,,
Kudelstaart,1,Nacht,24,,,
Kudelstaart,1,Ochtend,17,,,
Kudelstaart,2,Avond,18,,,
Kudelstaart,2,Middag,7,,,
Kudelstaart,2,Nacht,17,,,
Kudelstaart,2,Ochtend,3,,,
Kudelstaart,3,Middag,1,,,
Landlust,1,Avond,221,E37,52.379876,4.854254
Landlust,1,Middag,187,E37,52.379876,4.854254
Landlust,1,Nacht,107,E37,52.379876,4.854254
Landlust,1,Ochtend,84,E37,52.379876,4.854254
Landlust,2,Avond,54,E37,52.379876,4.854254
Landlust,2,Middag,51,E37,52.379876,4.854254
Landlust,2,Nacht,19,E37,52.379876,4.854254
Landlust,2,Ochtend,14,E37,52.379876,4.854254
Landlust,3,Avond,1,E37,52.379876,4.854254
Langs de Vuurlinie,1,Avond,3,,,
Langs de Vuurlinie,1,Middag,5,,,
Langs de Vuurlinie,1,Nacht,5,,,
Langs de Vuurlinie,1,Ochtend,1,,,
Langs de Vuurlinie,2,Avond,2,,,
Langs de Vuurlinie,2,Nacht,1,,,
Legmeer,1,Avond,31,,,
Legmeer,1,Middag,34,,,
Legmeer,1,Nacht,15,,,
Legmeer,1,Ochtend,18,,,
Legmeer,2,Avond,14,,,
Legmeer,2,Middag,16,,,
Legmeer,2,Nacht,12,,,
Legmeer,2,Ochtend,6,,,
Legmeer,3,Ochtend,1,,,
Lutkemeer en Ookmeer,1,Avond,17,,,
Lutkemeer en Ookmeer,1,Middag,11,,,
Lutkemeer en Ookmeer,1,Nacht,17,,,
Lutkemeer en Ookmeer,1,Ochtend,14,,,
Lutkemeer en Ookmeer,2,Avond,10,,,
Lutkemeer en Ookmeer,2,Middag,9,,,
Lutkemeer en Ookmeer,2,Nacht,3,,,
Lutkemeer en Ookmeer,2,Ochtend,11,,,
Meerwijk,1,Avond,42,,,
Meerwijk,1,Middag,34,,,
Meerwijk,1,Nacht,21,,,
Meerwijk,1,Ochtend,21,,,
Meerwijk,2,Avond,6,,,
Meerwijk,2,Middag,7,,,
Meerwijk,2,Nacht,15,,,
Meerwijk,2,Ochtend,3,,,
Middelveldsche Akerpolder en Sloten,1,Avond,139,,,
Middelveldsche Akerpolder en Sloten,1,Middag,92,,,
Middelveldsche Akerpolder en Sloten,1,Nacht,65,,,
Middelveldsche Akerpolder en Sloten,1,Ochtend,41,,,
Middelveldsche Akerpolder en Sloten,2,Avond,67,,,
Middelveldsche Akerpolder en Sloten,2,Middag,54,,,
Middelveldsche Akerpolder en Sloten,2,Nacht,26,,,
Middelveldsche Akerpolder en Sloten,2,Ochtend,16,,,
Middelveldsche Akerpolder en Sloten,3,Middag,1,,,
Middenhoven,1,Avond,22,,,
Middenhoven,1,Middag,27,,,
Middenhoven,1,Nacht,18,,,
Middenhoven,1,Ochtend,28,,,
Middenhoven,2,Avond,15,,,
Middenhoven,2,Middag,7,,,
Middenhoven,2,Nacht,11,,,
Middenhoven,2,Ochtend,4,,,
Middenhoven,3,Middag,1,,,
Middenmeer,1,Avond,118,M56,52.349646,4.9489735
Middenmeer,1,Middag,106,M56,52.349646,4.9489735
Middenmeer,1,Nacht,65,M56,52.349646,4.9489735
Middenmeer,1,Ochtend,69,M56,52.349646,4.9489735
Middenmeer,2,Avond,36,M56,52.349646,4.9489735
Middenmeer,2,Middag,26,M56,52.349646,4.9489735
Middenmeer,2,Nacht,27,M56,52.349646,4.9489735
Middenmeer,2,Ochtend,15,M56,52.349646,4.9489735
Middenmeer,3,Nacht,1,M56,52.349646,4.9489735
Middenmeer,3,Ochtend,1,M56,52.349646,4.9489735
Museumkwartier,1,Avond,156,K47,52.355265,4.876464
Museumkwartier,1,Middag,158,K47,52.355265,4.876464
Museumkwartier,1,Nacht,116,K47,52.355265,4.876464
Museumkwartier,1,Ochtend,115,K47,52.355265,4.876464
Museumkwartier,2,Avond,69,K47,52.355265,4.876464
Museumkwartier,2,Middag,26,K47,52.355265,4.876464
Museumkwartier,2,Nacht,61,K47,52.355265,4.876464
Museumkwartier,2,Ochtend,11,K47,52.355265,4.876464
Museumkwartier,3,Middag,1,K47,52.355265,4.876464
Museumkwartier,3,Ochtend,2,K47,52.355265,4.876464
Nellestein,1,Avond,42,T95,52.309579,4.9927425
Nellestein,1,Middag,27,T95,52.309579,4.9927425
Nellestein,1,Nacht,15,T95,52.309579,4.9927425
Nellestein,1,Ochtend,19,T95,52.309579,4.9927425
Nellestein,2,Avond,9,T95,52.309579,4.9927425
Nellestein,2,Middag,11,T95,52.309579,4.9927425
Nellestein,2,Nacht,3,T95,52.309579,4.9927425
Nellestein,2,Ochtend,2,T95,52.309579,4.9927425
Nieuwe Pijp,1,Avond,113,K25,52.3520905,4.8973225
Nieuwe Pijp,1,Middag,98,K25,52.3520905,4.8973225
Nieuwe Pijp,1,Nacht,71,K25,52.3520905,4.8973225
Nieuwe Pijp,1,Ochtend,68,K25,52.3520905,4.8973225
Nieuwe Pijp,2,Avond,21,K25,52.3520905,4.8973225
Nieuwe Pijp,2,Middag,11,K25,52.3520905,4.8973225
Nieuwe Pijp,2,Nacht,18,K25,52.3520905,4.8973225
Nieuwe Pijp,2,Ochtend,6,K25,52.3520905,4.8973225
Nieuwe Pijp,3,Avond,2,K25,52.3520905,4.8973225
Nieuwendam-Noord,1,Avond,144,,,
Nieuwendam-Noord,1,Middag,121,,,
Nieuwendam-Noord,1,Nacht,58,,,
Nieuwendam-Noord,1,Ochtend,37,,,
Nieuwendam-Noord,2,Avond,32,,,
Nieuwendam-Noord,2,Middag,33,,,
Nieuwendam-Noord,2,Nacht,16,,,
Nieuwendam-Noord,2,Ochtend,5,,,
Nieuwendam-Noord,3,Avond,1,,,
Nieuwendam-Noord,3,Middag,3,,,
Nieuwendammerdijk/Buiksloterdijk,1,Avond,20,N64,52.393568,4.9335795
Nieuwendammerdijk/Buiksloterdijk,1,Middag,15,N64,52.393568,4.9335795
Nieuwendammerdijk/Buiksloterdijk,1,Nacht,7,N64,52.393568,4.9335795
Nieuwendammerdijk/Buiksloterdijk,1,Ochtend,4,N64,52.393568,4.9335795
Nieuwendammerdijk/Buiksloterdijk,2,Avond,13,N64,52.393568,4.9335795
Nieuwendammerdijk/Buiksloterdijk,2,Middag,7,N64,52.393568,4.9335795
Nieuwendammerdijk/Buiksloterdijk,2,Nacht,2,N64,52.393568,4.9335795
Nieuwendammerdijk/Buiksloterdijk,2,Ochtend,2,N64,52.393568,4.9335795
Nieuwendammerdijk/Buiksloterdijk,3,Middag,1,N64,52.393568,4.9335795
Nieuwendammerham,1,Avond,34,,,
Nieuwendammerham,1,Middag,25,,,
Nieuwendammerham,1,Nacht,30,,,
Nieuwendammerham,1,Ochtend,13,,,
Nieuwendammerham,2,Avond,7,,,
Nieuwendammerham,2,Middag,3,,,
Nieuwendammerham,2,Nacht,3,,,
Nieuwmarkt/Lastage,1,Avond,118,A04,52.37291,4.904438
Nieuwmarkt/Lastage,1,Middag,130,A04,52.37291,4.904438
Nieuwmarkt/Lastage,1,Nacht,91,A04,52.37291,4.904438
Nieuwmarkt/Lastage,1,Ochtend,85,A04,52.37291,4.904438
Nieuwmarkt/Lastage,2,Avond,14,A04,52.37291,4.904438
Nieuwmarkt/Lastage,2,Middag,15,A04,52.37291,4.904438
Nieuwmarkt/Lastage,2,Nacht,27,A04,52.37291,4.904438
Nieuwmarkt/Lastage,2,Ochtend,7,A04,52.37291,4.904438
Nieuwmarkt/Lastage,3,Avond,1,A04,52.37291,4.904438
Oosteinde,1,Avond,34,,,
Oosteinde,1,Middag,23,,,
Oosteinde,1,Nacht,19,,,
Oosteinde,1,Ochtend,11,,,
Oosteinde,2,Avond,1,,,
Oosteinde,2,Middag,4,,,
Oosteinde,2,Nacht,6,,,
Oostelijk Havengebied,1,Avond,124,M33,52.3746005,4.935603
Oostelijk Havengebied,1,Middag,119,M33,52.3746005,4.935603
Oostelijk Havengebied,1,Nacht,63,M33,52.3746005,4.935603
Oostelijk Havengebied,1,Ochtend,71,M33,52.3746005,4.935603
Oostelijk Havengebied,2,Avond,25,M33,52.3746005,4.935603
Oostelijk Havengebied,2,Middag,22,M33,52.3746005,4.935603
Oostelijk Havengebied,2,Nacht,13,M33,52.3746005,4.935603
Oostelijk Havengebied,2,Ochtend,15,M33,52.3746005,4.935603
Oostelijk Havengebied,3,Middag,1,M33,52.3746005,4.935603
Oostelijk Havengebied,3,Ochtend,1,M33,52.3746005,4.935603
Oostelijke Eilanden/Kadijken,1,Avond,122,A09,52.3707205,4.9218295
Oostelijke Eilanden/Kadijken,1,Middag,88,A09,52.3707205,4.9218295
Oostelijke Eilanden/Kadijken,1,Nacht,71,A09,52.3707205,4.9218295
Oostelijke Eilanden/Kadijken,1,Ochtend,63,A09,52.3707205,4.9218295
Oostelijke Eilanden/Kadijken,2,Avond,34,A09,52.3707205,4.9218295
Oostelijke Eilanden/Kadijken,2,Middag,7,A09,52.3707205,4.9218295
Oostelijke Eilanden/Kadijken,2,Nacht,17,A09,52.3707205,4.9218295
Oostelijke Eilanden/Kadijken,2,Ochtend,9,A09,52.3707205,4.9218295
Oostelijke Eilanden/Kadijken,3,Avond,2,A09,52.3707205,4.9218295
Oostelijke Eilanden/Kadijken,3,Middag,2,A09,52.3707205,4.9218295
Oosterparkbuurt,1,Avond,107,M28,52.3590395,4.917509
Oosterparkbuurt,1,Middag,89,M28,52.3590395,4.917509
Oosterparkbuurt,1,Nacht,55,M28,52.3590395,4.917509
Oosterparkbuurt,1,Ochtend,37,M28,52.3590395,4.917509
Oosterparkbuurt,2,Avond,37,M28,52.3590395,4.917509
Oosterparkbuurt,2,Middag,18,M28,52.3590395,4.917509
Oosterparkbuurt,2,Nacht,14,M28,52.3590395,4.917509
Oosterparkbuurt,2,Ochtend,12,M28,52.3590395,4.917509
Oosterparkbuurt,3,Avond,1,M28,52.3590395,4.917509
Oostzanerwerf,1,Avond,80,N66,52.422292,4.8772435
Oostzanerwerf,1,Middag,74,N66,52.422292,4.8772435
Oostzanerwerf,1,Nacht,57,N66,52.422292,4.8772435
Oostzanerwerf,1,Ochtend,31,N66,52.422292,4.8772435
Oostzanerwerf,2,Avond,31,N66,52.422292,4.8772435
Oostzanerwerf,2,Middag,22,N66,52.422292,4.8772435
Oostzanerwerf,2,Nacht,9,N66,52.422292,4.8772435
Oostzanerwerf,2,Ochtend,4,N66,52.422292,4.8772435
Oostzanerwerf,3,Avond,1,N66,52.422292,4.8772435
Oostzanerwerf,3,Ochtend,1,N66,52.422292,4.8772435
Osdorp-Midden,1,Avond,106,F82,52.3553485,4.795132
Osdorp-Midden,1,Middag,96,F82,52.3553485,4.795132
Osdorp-Midden,1,Nacht,71,F82,52.3553485,4.795132
Osdorp-Midden,1,Ochtend,49,F82,52.3553485,4.795132
Osdorp-Midden,2,Avond,42,F82,52.3553485,4.795132
Osdorp-Midden,2,Middag,33,F82,52.3553485,4.795132
Osdorp-Midden,2,Nacht,16,F82,52.3553485,4.795132
Osdorp-Midden,2,Ochtend,10,F82,52.3553485,4.795132
Osdorp-Midden,3,Nacht,1,F82,52.3553485,4.795132
Osdorp-Oost,1,Avond,141,F81,52.3584475,4.8078815
Osdorp-Oost,1,Middag,143,F81,52.3584475,4.8078815
Osdorp-Oost,1,Nacht,96,F81,52.3584475,4.8078815
Osdorp-Oost,1,Ochtend,48,F81,52.3584475,4.8078815
Osdorp-Oost,2,Avond,46,F81,52.3584475,4.8078815
Osdorp-Oost,2,Middag,32,F81,52.3584475,4.8078815
Osdorp-Oost,2,Nacht,12,F81,52.3584475,4.8078815
Osdorp-Oost,2,Ochtend,13,F81,52.3584475,4.8078815
Osdorp-Oost,3,Middag,1,F81,52.3584475,4.8078815
Oude Dorp en Bovenkerk-Dorp,1,Avond,19,,,
Oude Dorp en Bovenkerk-Dorp,1,Middag,30,,,
Oude Dorp en Bovenkerk-Dorp,1,Nacht,6,,,
Oude Dorp en Bovenkerk-Dorp,1,Ochtend,16,,,
Oude Dorp en Bovenkerk-Dorp,2,Avond,11,,,
Oude Dorp en Bovenkerk-Dorp,2,Middag,9,,,
Oude Dorp en Bovenkerk-Dorp,2,Nacht,2,,,
Oude Dorp en Bovenkerk-Dorp,2,Ochtend,4,,,
Oude Pijp,1,Avond,161,K24,52.356232,4.8962705
Oude Pijp,1,Middag,104,K24,52.356232,4.8962705
Oude Pijp,1,Nacht,116,K24,52.356232,4.8962705
Oude Pijp,1,Ochtend,64,K24,52.356232,4.8962705
Oude Pijp,2,Avond,32,K24,52.356232,4.8962705
Oude Pijp,2,Middag,15,K24,52.356232,4.8962705
Oude Pijp,2,Nacht,30,K24,52.356232,4.8962705
Oude Pijp,2,Ochtend,8,K24,52.356232,4.8962705
Oude Pijp,3,Middag,1,K24,52.356232,4.8962705
Ouderkerk aan de Amstel,1,Avond,29,,,
Ouderkerk aan de Amstel,1,Middag,30,,,
Ouderkerk aan de Amstel,1,Nacht,17,,,
Ouderkerk aan de Amstel,1,Ochtend,26,,,
Ouderkerk aan de Amstel,2,Avond,17,,,
Ouderkerk aan de Amstel,2,Middag,9,,,
Ouderkerk aan de Amstel,2,Nacht,3,,,
Ouderkerk aan de Amstel,2,Ochtend,3,,,
Ouderkerk aan de Amstel,3,Avond,1,,,
Overdiemerpolder,1,Avond,16,,,
Overdiemerpolder,1,Middag,19,,,
Overdiemerpolder,1,Nacht,11,,,
Overdiemerpolder,1,Ochtend,14,,,
Overdiemerpolder,2,Avond,5,,,
Overdiemerpolder,2,Middag,5,,,
Overdiemerpolder,2,Nacht,2,,,
Overdiemerpolder,2,Ochtend,1,,,
Overtoomse Sluis,1,Avond,55,E21,52.3597385,4.8598305
Overtoomse Sluis,1,Middag,53,E21,52.3597385,4.8598305
Overtoomse Sluis,1,Nacht,23,E21,52.3597385,4.8598305
Overtoomse Sluis,1,Ochtend,28,E21,52.3597385,4.8598305
Overtoomse Sluis,2,Avond,14,E21,52.3597385,4.8598305
Overtoomse Sluis,2,Middag,10,E21,52.3597385,4.8598305
Overtoomse Sluis,2,Nacht,13,E21,52.3597385,4.8598305
Overtoomse Sluis,2,Ochtend,6,E21,52.3597385,4.8598305
Overtoomse Sluis,3,Avond,1,E21,52.3597385,4.8598305
Overtoomse Sluis,3,Nacht,2,E21,52.3597385,4.8598305
Overtoomse Veld,1,Avond,176,F86,52.3655225,4.842175
Overtoomse Veld,1,Middag,122,F86,52.3655225,4.842175
Overtoomse Veld,1,Nacht,76,F86,52.3655225,4.842175
Overtoomse Veld,1,Ochtend,55,F86,52.3655225,4.842175
Overtoomse Veld,2,Avond,60,F86,52.3655225,4.842175
Overtoomse Veld,2,Middag,32,F86,52.3655225,4.842175
Overtoomse Veld,2,Nacht,29,F86,52.3655225,4.842175
Overtoomse Veld,2,Ochtend,12,F86,52.3655225,4.842175
Overtoomse Veld,3,Middag,3,F86,52.3655225,4.842175
Overtoomse Veld,3,Ochtend,1,F86,52.3655225,4.842175
Patrimonium,1,Avond,33,,,
Patrimonium,1,Middag,51,,,
Patrimonium,1,Nacht,26,,,
Patrimonium,1,Ochtend,49,,,
Patrimonium,2,Avond,13,,,
Patrimonium,2,Middag,11,,,
Patrimonium,2,Nacht,5,,,
Patrimonium,2,Ochtend,3,,,
Polderland,1,Avond,5,,,
Polderland,1,Middag,6,,,
Polderland,1,Nacht,6,,,
Polderland,1,Ochtend,1,,,
Polderland,2,Avond,2,,,
Polderland,2,Middag,1,,,
Polderland,2,Nacht,1,,,
Polderland,2,Ochtend,2,,,
Randwijck,1,Avond,52,,,
Randwijck,1,Middag,49,,,
Randwijck,1,Nacht,23,,,
Randwijck,1,Ochtend,16,,,
Randwijck,2,Avond,5,,,
Randwijck,2,Middag,7,,,
Randwijck,2,Nacht,3,,,
Randwijck,2,Ochtend,1,,,
Rijnbuurt,1,Avond,75,K54,52.3400645,4.9038285
Rijnbuurt,1,Middag,62,K54,52.3400645,4.9038285
Rijnbuurt,1,Nacht,36,K54,52.3400645,4.9038285
Rijnbuurt,1,Ochtend,28,K54,52.3400645,4.9038285
Rijnbuurt,2,Avond,22,K54,52.3400645,4.9038285
Rijnbuurt,2,Middag,10,K54,52.3400645,4.9038285
Rijnbuurt,2,Nacht,8,K54,52.3400645,4.9038285
Rijnbuurt,2,Ochtend,4,K54,52.3400645,4.9038285
Rijnbuurt,3,Avond,1,K54,52.3400645,4.9038285
Rijnbuurt,3,Middag,1,K54,52.3400645,4.9038285
Ruimzicht-Oost,1,Avond,26,,,
Ruimzicht-Oost,1,Middag,16,,,
Ruimzicht-Oost,1,Nacht,10,,,
Ruimzicht-Oost,1,Ochtend,7,,,
Ruimzicht-Oost,2,Avond,6,,,
Ruimzicht-Oost,2,Middag,3,,,
Ruimzicht-West,1,Avond,28,,,
Ruimzicht-West,1,Middag,32,,,
Ruimzicht-West,1,Nacht,12,,,
Ruimzicht-West,1,Ochtend,25,,,
Ruimzicht-West,2,Avond,6,,,
Ruimzicht-West,2,Middag,8,,,
Ruimzicht-West,2,Nacht,4,,,
Ruimzicht-West,2,Ochtend,5,,,
Scheldebuurt,1,Avond,89,K52,52.3415275,4.8961455
Scheldebuurt,1,Middag,93,K52,52.3415275,4.8961455
Scheldebuurt,1,Nacht,47,K52,52.3415275,4.8961455
Scheldebuurt,1,Ochtend,51,K52,52.3415275,4.8961455
Scheldebuurt,2,Avond,35,K52,52.3415275,4.8961455
Scheldebuurt,2,Middag,32,K52,52.3415275,4.8961455
Scheldebuurt,2,Nacht,21,K52,52.3415275,4.8961455
Scheldebuurt,2,Ochtend,11,K52,52.3415275,4.8961455
Scheldebuurt,3,Middag,1,K52,52.3415275,4.8961455
Schelpenhoek,1,Avond,4,,,
Schelpenhoek,1,Middag,1,,,
Schelpenhoek,1,Nacht,3,,,
Schelpenhoek,1,Ochtend,1,,,
Schelpenhoek,2,Avond,2,,,
Schelpenhoek,2,Middag,2,,,
Schinkelbuurt,1,Avond,87,K45,52.3496455,4.852877
Schinkelbuurt,1,Middag,101,K45,52.3496455,4.852877
Schinkelbuurt,1,Nacht,35,K45,52.3496455,4.852877
Schinkelbuurt,1,Ochtend,100,K45,52.3496455,4.852877
Schinkelbuurt,2,Avond,3,K45,52.3496455,4.852877
Schinkelbuurt,2,Middag,7,K45,52.3496455,4.852877
Schinkelbuurt,2,Nacht,14,K45,52.3496455,4.852877
Schinkelbuurt,2,Ochtend,3,K45,52.3496455,4.852877
Schinkelbuurt,3,Ochtend,1,K45,52.3496455,4.852877
Schinkelpolder,1,Avond,7,,,
Schinkelpolder,1,Middag,5,,,
Schinkelpolder,1,Nacht,3,,,
Schinkelpolder,1,Ochtend,4,,,
Schinkelpolder,2,Middag,1,,,
Schinkelpolder,2,Nacht,1,,,
Schinkelpolder,2,Ochtend,1,,,
Sloten- en Riekerpolder,1,Avond,189,,,
Sloten- en Riekerpolder,1,Middag,126,,,
Sloten- en Riekerpolder,1,Nacht,69,,,
Sloten- en Riekerpolder,1,Ochtend,85,,,
Sloten- en Riekerpolder,2,Avond,91,,,
Sloten- en Riekerpolder,2,Middag,79,,,
Sloten- en Riekerpolder,2,Nacht,24,,,
Sloten- en Riekerpolder,2,Ochtend,23,,,
Sloten- en Riekerpolder,3,Avond,1,,,
Sloten- en Riekerpolder,3,Middag,1,,,
Sloten- en Riekerpolder,3,Ochtend,1,,,
Sloterdijk,1,Avond,11,E36,52.390316,4.8545395
Sloterdijk,1,Middag,7,E36,52.390316,4.8545395
Sloterdijk,1,Nacht,7,E36,52.390316,4.8545395
Sloterdijk,1,Ochtend,6,E36,52.390316,4.8545395
Sloterdijk,2,Avond,5,E36,52.390316,4.8545395
Slotermeer-Noordoost,1,Avond,95,F76,52.3806855,4.8290985
Slotermeer-Noordoost,1,Middag,85,F76,52.3806855,4.8290985
Slotermeer-Noordoost,1,Nacht,56,F76,52.3806855,4.8290985
Slotermeer-Noordoost,1,Ochtend,30,F76,52.3806855,4.8290985
Slotermeer-Noordoost,2,Avond,24,F76,52.3806855,4.8290985
Slotermeer-Noordoost,2,Middag,24,F76,52.3806855,4.8290985
Slotermeer-Noordoost,2,Nacht,8,F76,52.3806855,4.8290985
Slotermeer-Noordoost,2,Ochtend,9,F76,52.3806855,4.8290985
Slotermeer-Noordoost,3,Avond,2,F76,52.3806855,4.8290985
Slotermeer-Noordoost,3,Middag,2,F76,52.3806855,4.8290985
Slotermeer-Zuidwest,1,Avond,196,F77,52.3722285,4.820903
Slotermeer-Zuidwest,1,Middag,152,F77,52.3722285,4.820903
Slotermeer-Zuidwest,1,Nacht,149,F77,52.3722285,4.820903
Slotermeer-Zuidwest,1,Ochtend,73,F77,52.3722285,4.820903
Slotermeer-Zuidwest,2,Avond,53,F77,52.3722285,4.820903
Slotermeer-Zuidwest,2,Middag,48,F77,52.3722285,4.820903
Slotermeer-Zuidwest,2,Nacht,25,F77,52.3722285,4.820903
Slotermeer-Zuidwest,2,Ochtend,17,F77,52.3722285,4.820903
Slotermeer-Zuidwest,3,Avond,2,F77,52.3722285,4.820903
Slotermeer-Zuidwest,3,Middag,1,F77,52.3722285,4.820903
Slotervaart,1,Avond,144,F85,52.3648655,4.823301
Slotervaart,1,Middag,147,F85,52.3648655,4.823301
Slotervaart,1,Nacht,120,F85,52.3648655,4.823301
Slotervaart,1,Ochtend,82,F85,52.3648655,4.823301
Slotervaart,2,Avond,37,F85,52.3648655,4.823301
Slotervaart,2,Middag,36,F85,52.3648655,4.823301
Slotervaart,2,Nacht,19,F85,52.3648655,4.823301
Slotervaart,2,Ochtend,12,F85,52.3648655,4.823301
Slotervaart,3,Avond,2,F85,52.3648655,4.823301
Slotervaart,3,Middag,1,F85,52.3648655,4.823301
Slotervaart,3,Ochtend,1,F85,52.3648655,4.823301
Sniep,1,Avond,1,,,
Sniep,1,Nacht,2,,,
Sniep,1,Ochtend,2,,,
Spaarndammer- en Zeeheldenbuurt,1,Avond,147,E13,52.390432,4.8744225
Spaarndammer- en Zeeheldenbuurt,1,Middag,130,E13,52.390432,4.8744225
Spaarndammer- en Zeeheldenbuurt,1,Nacht,68,E13,52.390432,4.8744225
Spaarndammer- en Zeeheldenbuurt,1,Ochtend,82,E13,52.390432,4.8744225
Spaarndammer- en Zeeheldenbuurt,2,Avond,25,E13,52.390432,4.8744225
Spaarndammer- en Zeeheldenbuurt,2,Middag,13,E13,52.390432,4.8744225
Spaarndammer- en Zeeheldenbuurt,2,Nacht,6,E13,52.390432,4.8744225
Spaarndammer- en Zeeheldenbuurt,2,Ochtend,3,E13,52.390432,4.8744225
Spieringhorn,1,Avond,9,,,
Spieringhorn,1,Middag,6,,,
Spieringhorn,1,Nacht,4,,,
Spieringhorn,1,Ochtend,5,,,
Spieringhorn,2,Avond,7,,,
Spieringhorn,2,Middag,1,,,
Spieringhorn,2,Nacht,1,,,
Spieringhorn,2,Ochtend,1,,,
Spoorzicht,1,Avond,4,,,
Spoorzicht,1,Middag,2,,,
Spoorzicht,2,Avond,1,,,
Spoorzicht,2,Middag,2,,,
Spoorzicht,2,Nacht,2,,,
Staatsliedenbuurt,1,Avond,77,E14,52.38081,4.8752065
Staatsliedenbuurt,1,Middag,74,E14,52.38081,4.8752065
Staatsliedenbuurt,1,Nacht,62,E14,52.38081,4.8752065
Staatsliedenbuurt,1,Ochtend,48,E14,52.38081,4.8752065
Staatsliedenbuurt,2,Avond,19,E14,52.38081,4.8752065
Staatsliedenbuurt,2,Middag,10,E14,52.38081,4.8752065
Staatsliedenbuurt,2,Nacht,14,E14,52.38081,4.8752065
Staatsliedenbuurt,2,Ochtend,4,E14,52.38081,4.8752065
Stadionbuurt,1,Avond,73,K48,52.3444565,4.8574755
Stadionbuurt,1,Middag,90,K48,52.3444565,4.8574755
Stadionbuurt,1,Nacht,56,K48,52.3444565,4.8574755
Stadionbuurt,1,Ochtend,41,K48,52.3444565,4.8574755
Stadionbuurt,2,Avond,22,K48,52.3444565,4.8574755
Stadionbuurt,2,Middag,18,K48,52.3444565,4.8574755
Stadionbuurt,2,Nacht,20,K48,52.3444565,4.8574755
Stadionbuurt,2,Ochtend,7,K48,52.3444565,4.8574755
Stadionbuurt,3,Avond,1,K48,52.3444565,4.8574755
Stadionbuurt,3,Ochtend,1,K48,52.3444565,4.8574755
Stadshart,1,Avond,63,,,
Stadshart,1,Middag,102,,,
Stadshart,1,Nacht,36,,,
Stadshart,1,Ochtend,77,,,
Stadshart,2,Avond,9,,,
Stadshart,2,Middag,8,,,
Stadshart,2,Nacht,5,,,
Stadshart,2,Ochtend,3,,,
Stammerdijk,1,Avond,3,,,
Stammerdijk,1,Middag,8,,,
Stammerdijk,1,Nacht,2,,,
Stammerdijk,1,Ochtend,4,,,
Stammerdijk,2,Avond,1,,,
Stammerdijk,2,Middag,2,,,
Stammerdijk,2,Nacht,1,,,
Stammerdijk,2,Ochtend,1,,,
Station-Zuid WTC en omgeving,1,Avond,38,,,
Station-Zuid WTC en omgeving,1,Middag,52,,,
Station-Zuid WTC en omgeving,1,Nacht,14,,,
Station-Zuid WTC en omgeving,1,Ochtend,41,,,
Station-Zuid WTC en omgeving,2,Avond,11,,,
Station-Zuid WTC en omgeving,2,Middag,7,,,
Station-Zuid WTC en omgeving,2,Nacht,3,,,
Station-Zuid WTC en omgeving,2,Ochtend,7,,,
Stommeer,1,Avond,23,,,
Stommeer,1,Middag,27,,,
Stommeer,1,Nacht,17,,,
Stommeer,1,Ochtend,15,,,
Stommeer,2,Avond,6,,,
Stommeer,2,Middag,7,,,
Stommeer,2,Nacht,4,,,
Stommeer,2,Ochtend,1,,,
Studentenflats,1,Avond,7,,,
Studentenflats,1,Middag,7,,,
Studentenflats,1,Nacht,9,,,
Studentenflats,1,Ochtend,1,,,
Thamerdal,1,Avond,29,,,
Thamerdal,1,Middag,10,,,
Thamerdal,1,Nacht,12,,,
Thamerdal,1,Ochtend,14,,,
Thamerdal,2,Avond,4,,,
Thamerdal,2,Middag,4,,,
Thamerdal,2,Nacht,3,,,
Thamerdal,3,Middag,1,,,
Transvaalbuurt,1,Avond,81,M30,52.353946,4.9213965
Transvaalbuurt,1,Middag,62,M30,52.353946,4.9213965
Transvaalbuurt,1,Nacht,57,M30,52.353946,4.9213965
Transvaalbuurt,1,Ochtend,43,M30,52.353946,4.9213965
Transvaalbuurt,2,Avond,20,M30,52.353946,4.9213965
Transvaalbuurt,2,Middag,15,M30,52.353946,4.9213965
Transvaalbuurt,2,Nacht,24,M30,52.353946,4.9213965
Transvaalbuurt,2,Ochtend,16,M30,52.353946,4.9213965
Transvaalbuurt,3,Middag,1,M30,52.353946,4.9213965
Transvaalbuurt,3,Nacht,1,M30,52.353946,4.9213965
Tuindorp Buiksloot,1,Avond,84,N63,52.393222,4.929074
Tuindorp Buiksloot,1,Middag,22,N63,52.393222,4.929074
Tuindorp Buiksloot,1,Nacht,17,N63,52.393222,4.929074
Tuindorp Buiksloot,1,Ochtend,8,N63,52.393222,4.929074
Tuindorp Buiksloot,2,Avond,36,N63,52.393222,4.929074
Tuindorp Buiksloot,2,Middag,11,N63,52.393222,4.929074
Tuindorp Buiksloot,2,Nacht,8,N63,52.393222,4.929074
Tuindorp Buiksloot,2,Ochtend,3,N63,52.393222,4.929074
Tuindorp Nieuwendam,1,Avond,41,N62,52.3906625,4.9437245
Tuindorp Nieuwendam,1,Middag,13,N62,52.3906625,4.9437245
Tuindorp Nieuwendam,1,Nacht,9,N62,52.3906625,4.9437245
Tuindorp Nieuwendam,1,Ochtend,10,N62,52.3906625,4.9437245
Tuindorp Nieuwendam,2,Avond,24,N62,52.3906625,4.9437245
Tuindorp Nieuwendam,2,Middag,7,N62,52.3906625,4.9437245
Tuindorp Nieuwendam,2,Nacht,2,N62,52.3906625,4.9437245
Tuindorp Nieuwendam,2,Ochtend,7,N62,52.3906625,4.9437245
Tuindorp Oostzaan,1,Avond,135,N65,52.4102805,4.891192
Tuindorp Oostzaan,1,Middag,86,N65,52.4102805,4.891192
Tuindorp Oostzaan,1,Nacht,57,N65,52.4102805,4.891192
Tuindorp Oostzaan,1,Ochtend,42,N65,52.4102805,4.891192
Tuindorp Oostzaan,2,Avond,41,N65,52.4102805,4.891192
Tuindorp Oostzaan,2,Middag,35,N65,52.4102805,4.891192
Tuindorp Oostzaan,2,Nacht,21,N65,52.4102805,4.891192
Tuindorp Oostzaan,2,Ochtend,13,N65,52.4102805,4.891192
Tuindorp Oostzaan,3,Avond,1,N65,52.4102805,4.891192
Uilenstede en Kronenburg,1,Avond,64,,,
Uilenstede en Kronenburg,1,Middag,71,,,
Uilenstede en Kronenburg,1,Nacht,52,,,
Uilenstede en Kronenburg,1,Ochtend,62,,,
Uilenstede en Kronenburg,2,Avond,10,,,
Uilenstede en Kronenburg,2,Middag,7,,,
Uilenstede en Kronenburg,2,Nacht,10,,,
Uilenstede en Kronenburg,2,Ochtend,1,,,
Uilenstede en Kronenburg,3,Nacht,2,,,
Uiterweg,1,Avond,17,,,
Uiterweg,1,Middag,8,,,
Uiterweg,1,Nacht,2,,,
Uiterweg,1,Ochtend,5,,,
Uiterweg,2,Avond,2,,,
Uiterweg,2,Middag,2,,,
Uiterweg,2,Ochtend,1,,,
Van Galenbuurt,1,Avond,48,E41,52.371973,4.84956
Van Galenbuurt,1,Middag,41,E41,52.371973,4.84956
Van Galenbuurt,1,Nacht,28,E41,52.371973,4.84956
Van Galenbuurt,1,Ochtend,24,E41,52.371973,4.84956
Van Galenbuurt,2,Avond,4,E41,52.371973,4.84956
Van Galenbuurt,2,Middag,3,E41,52.371973,4.84956
Van Galenbuurt,2,Nacht,5,E41,52.371973,4.84956
Van Galenbuurt,2,Ochtend,5,E41,52.371973,4.84956
Van Galenbuurt,3,Nacht,1,E41,52.371973,4.84956
Van Galenbuurt,3,Ochtend,1,E41,52.371973,4.84956
Van Lennepbuurt,1,Avond,44,E19,52.365027,4.8674875
Van Lennepbuurt,1,Middag,58,E19,52.365027,4.8674875
Van Lennepbuurt,1,Nacht,37,E19,52.365027,4.8674875
Van Lennepbuurt,1,Ochtend,22,E19,52.365027,4.8674875
Van Lennepbuurt,2,Avond,16,E19,52.365027,4.8674875
Van Lennepbuurt,2,Middag,10,E19,52.365027,4.8674875
Van Lennepbuurt,2,Nacht,9,E19,52.365027,4.8674875
Van Lennepbuurt,2,Ochtend,7,E19,52.365027,4.8674875
Veenweidegebied,1,Avond,2,,,
Veenweidegebied,1,Nacht,1,,,
Veenweidegebied,2,Avond,2,,,
Veilinggebied,1,Avond,20,,,
Veilinggebied,1,Middag,20,,,
Veilinggebied,1,Nacht,18,,,
Veilinggebied,1,Ochtend,41,,,
Verrijn Stuart,1,Avond,21,,,
Verrijn Stuart,1,Middag,15,,,
Verrijn Stuart,1,Nacht,11,,,
Verrijn Stuart,1,Ochtend,17,,,
Verrijn Stuart,2,Avond,3,,,
Verrijn Stuart,2,Middag,3,,,
Verrijn Stuart,2,Ochtend,1,,,
Verspreide huizen in de Bullewijker polder,1,Avond,18,,,
Verspreide huizen in de Bullewijker polder,1,Middag,22,,,
Verspreide huizen in de Bullewijker polder,1,Nacht,5,,,
Verspreide huizen in de Bullewijker polder,1,Ochtend,6,,,
Verspreide huizen in de Bullewijker polder,2,Avond,9,,,
Verspreide huizen in de Bullewijker polder,2,Middag,5,,,
Verspreide huizen in de Bullewijker polder,2,Nacht,2,,,
Verspreide huizen in de Bullewijker polder,2,Ochtend,1,,,
Verspreide huizen in de Duivendrechtsche polder,1,Avond,19,,,
Verspreide huizen in de Duivendrechtsche polder,1,Middag,19,,,
Verspreide huizen in de Duivendrechtsche polder,1,Nacht,6,,,
Verspreide huizen in de Duivendrechtsche polder,1,Ochtend,10,,,
Verspreide huizen in de Duivendrechtsche polder,2,Avond,7,,,
Verspreide huizen in de Duivendrechtsche polder,2,Middag,7,,,
Verspreide huizen in de Duivendrechtsche polder,2,Nacht,1,,,
Verspreide huizen in de Duivendrechtsche polder,2,Ochtend,1,,,
Verspreide huizen in de Rondehoeppolder,1,Avond,2,,,
Verspreide huizen in de Rondehoeppolder,1,Middag,9,,,
Verspreide huizen in de Rondehoeppolder,1,Nacht,1,,,
Verspreide huizen in de Rondehoeppolder,1,Ochtend,2,,,
Verspreide huizen in de Rondehoeppolder,2,Avond,1,,,
Verspreide huizen in de Rondehoeppolder,2,Middag,5,,,
Verspreide huizen langs De Bullewijk en De Hole,1,Avond,4,,,
Verspreide huizen langs De Bullewijk en De Hole,1,Middag,6,,,
Verspreide huizen langs De Bullewijk en De Hole,1,Ochtend,3,,,
Verspreide huizen langs De Bullewijk en De Hole,2,Avond,1,,,
Vlindertuin en Scheepskwartier-Zuid,1,Avond,12,,,
Vlindertuin en Scheepskwartier-Zuid,1,Middag,11,,,
Vlindertuin en Scheepskwartier-Zuid,1,Nacht,8,,,
Vlindertuin en Scheepskwartier-Zuid,1,Ochtend,4,,,
Vlindertuin en Scheepskwartier-Zuid,2,Avond,5,,,
Vlindertuin en Scheepskwartier-Zuid,2,Middag,3,,,
Vlindertuin en Scheepskwartier-Zuid,2,Nacht,1,,,
Vlindertuin en Scheepskwartier-Zuid,2,Ochtend,1,,,
Vogelweide en Scheepskwartier-Noord,1,Avond,14,,,
Vogelweide en Scheepskwartier-Noord,1,Middag,9,,,
Vogelweide en Scheepskwartier-Noord,1,Nacht,15,,,
Vogelweide en Scheepskwartier-Noord,1,Ochtend,4,,,
Vogelweide en Scheepskwartier-Noord,2,Avond,2,,,
Vogelweide en Scheepskwartier-Noord,2,Middag,4,,,
Vogelweide en Scheepskwartier-Noord,2,Nacht,2,,,
Vogelweide en Scheepskwartier-Noord,3,Avond,1,,,
Volewijck,1,Avond,197,N60,52.391072,4.9111675
Volewijck,1,Middag,104,N60,52.391072,4.9111675
Volewijck,1,Nacht,136,N60,52.391072,4.9111675
Volewijck,1,Ochtend,51,N60,52.391072,4.9111675
Volewijck,2,Avond,62,N60,52.391072,4.9111675
Volewijck,2,Middag,25,N60,52.391072,4.9111675
Volewijck,2,Nacht,55,N60,52.391072,4.9111675
Volewijck,2,Ochtend,18,N60,52.391072,4.9111675
Volewijck,3,Ochtend,1,N60,52.391072,4.9111675
Vondelbuurt,1,Avond,31,E22,52.361583,4.873396
Vondelbuurt,1,Middag,36,E22,52.361583,4.873396
Vondelbuurt,1,Nacht,37,E22,52.361583,4.873396
Vondelbuurt,1,Ochtend,27,E22,52.361583,4.873396
Vondelbuurt,2,Avond,4,E22,52.361583,4.873396
Vondelbuurt,2,Middag,5,E22,52.361583,4.873396
Vondelbuurt,2,Nacht,8,E22,52.361583,4.873396
Vondelbuurt,2,Ochtend,2,E22,52.361583,4.873396
Waardhuizen,1,Avond,27,,,
Waardhuizen,1,Middag,26,,,
Waardhuizen,1,Nacht,13,,,
Waardhuizen,1,Ochtend,16,,,
Waardhuizen,2,Avond,17,,,
Waardhuizen,2,Middag,6,,,
Waardhuizen,2,Nacht,5,,,
Waardhuizen,2,Ochtend,4,,,
Waterland,1,Avond,37,N68,52.3945535,4.9539
Waterland,1,Middag,40,N68,52.3945535,4.9539
Waterland,1,Nacht,11,N68,52.3945535,4.9539
Waterland,1,Ochtend,19,N68,52.3945535,4.9539
Waterland,2,Avond,12,N68,52.3945535,4.9539
Waterland,2,Middag,4,N68,52.3945535,4.9539
Waterland,2,Nacht,1,N68,52.3945535,4.9539
Waterland,2,Ochtend,3,N68,52.3945535,4.9539
Waterland,3,Ochtend,1,N68,52.3945535,4.9539
Weesperbuurt/Plantage,1,Avond,141,A08,52.3644555,4.911765
Weesperbuurt/Plantage,1,Middag,114,A08,52.3644555,4.911765
Weesperbuurt/Plantage,1,Nacht,106,A08,52.3644555,4.911765
Weesperbuurt/Plantage,1,Ochtend,102,A08,52.3644555,4.911765
Weesperbuurt/Plantage,2,Avond,13,A08,52.3644555,4.911765
Weesperbuurt/Plantage,2,Middag,9,A08,52.3644555,4.911765
Weesperbuurt/Plantage,2,Nacht,10,A08,52.3644555,4.911765
Weesperbuurt/Plantage,2,Ochtend,4,A08,52.3644555,4.911765
Weesperbuurt/Plantage,3,Avond,2,A08,52.3644555,4.911765
Weesperbuurt/Plantage,3,Middag,3,A08,52.3644555,4.911765
Weesperbuurt/Plantage,3,Ochtend,1,A08,52.3644555,4.911765
Weesperzijde,1,Avond,53,M27,52.354353,4.9105665
Weesperzijde,1,Middag,49,M27,52.354353,4.9105665
Weesperzijde,1,Nacht,21,M27,52.354353,4.9105665
Weesperzijde,1,Ochtend,33,M27,52.354353,4.9105665
Weesperzijde,2,Avond,16,M27,52.354353,4.9105665
Weesperzijde,2,Middag,9,M27,52.354353,4.9105665
Weesperzijde,2,Nacht,17,M27,52.354353,4.9105665
Weesperzijde,2,Ochtend,4,M27,52.354353,4.9105665
Weesperzijde,3,Avond,1,M27,52.354353,4.9105665
Weesperzijde,3,Middag,1,M27,52.354353,4.9105665
Westelijk Havengebied,1,Avond,220,B10,52.4114805,4.807314
Westelijk Havengebied,1,Middag,203,B10,52.4114805,4.807314
Westelijk Havengebied,1,Nacht,163,B10,52.4114805,4.807314
Westelijk Havengebied,1,Ochtend,168,B10,52.4114805,4.807314
Westelijk Havengebied,2,Avond,17,B10,52.4114805,4.807314
Westelijk Havengebied,2,Middag,12,B10,52.4114805,4.807314
Westelijk Havengebied,2,Nacht,6,B10,52.4114805,4.807314
Westelijk Havengebied,2,Ochtend,5,B10,52.4114805,4.807314
Westelijk Havengebied,3,Avond,1,B10,52.4114805,4.807314
Westindische buurt,1,Avond,30,,,
Westindische buurt,1,Middag,36,,,
Westindische buurt,1,Nacht,34,,,
Westindische buurt,1,Ochtend,17,,,
Westindische buurt,2,Avond,10,,,
Westindische buurt,2,Middag,7,,,
Westindische buurt,2,Nacht,6,,,
Westindische buurt,2,Ochtend,1,,,
Westlandgracht,1,Avond,134,F87,52.347788,4.841511
Westlandgracht,1,Middag,123,F87,52.347788,4.841511
Westlandgracht,1,Nacht,60,F87,52.347788,4.841511
Westlandgracht,1,Ochtend,79,F87,52.347788,4.841511
Westlandgracht,2,Avond,21,F87,52.347788,4.841511
Westlandgracht,2,Middag,19,F87,52.347788,4.841511
Westlandgracht,2,Nacht,7,F87,52.347788,4.841511
Westlandgracht,2,Ochtend,9,F87,52.347788,4.841511
Westlandgracht,3,Ochtend,1,F87,52.347788,4.841511
Westwijk-Oost,1,Avond,88,,,
Westwijk-Oost,1,Middag,92,,,
Westwijk-Oost,1,Nacht,29,,,
Westwijk-Oost,1,Ochtend,88,,,
Westwijk-Oost,2,Avond,10,,,
Westwijk-Oost,2,Middag,15,,,
Westwijk-Oost,2,Nacht,8,,,
Westwijk-Oost,2,Ochtend,6,,,
Westwijk-West,1,Avond,22,,,
Westwijk-West,1,Middag,17,,,
Westwijk-West,1,Nacht,11,,,
Westwijk-West,1,Ochtend,5,,,
Westwijk-West,2,Avond,5,,,
Westwijk-West,2,Middag,8,,,
Westwijk-West,2,Nacht,2,,,
Westwijk-West,2,Ochtend,3,,,
Willemspark,1,Avond,62,K46,52.354371,4.8627965
Willemspark,1,Middag,37,K46,52.354371,4.8627965
Willemspark,1,Nacht,42,K46,52.354371,4.8627965
Willemspark,1,Ochtend,29,K46,52.354371,4.8627965
Willemspark,2,Avond,43,K46,52.354371,4.8627965
Willemspark,2,Middag,16,K46,52.354371,4.8627965
Willemspark,2,Nacht,22,K46,52.354371,4.8627965
Willemspark,2,Ochtend,5,K46,52.354371,4.8627965
Zeeburgereiland/Nieuwe Diep,1,Avond,28,M34,52.361601,4.9839185
Zeeburgereiland/Nieuwe Diep,1,Middag,21,M34,52.361601,4.9839185
Zeeburgereiland/Nieuwe Diep,1,Nacht,13,M34,52.361601,4.9839185
Zeeburgereiland/Nieuwe Diep,1,Ochtend,17,M34,52.361601,4.9839185
Zeeburgereiland/Nieuwe Diep,2,Avond,12,M34,52.361601,4.9839185
Zeeburgereiland/Nieuwe Diep,2,Middag,7,M34,52.361601,4.9839185
Zeeburgereiland/Nieuwe Diep,2,Nacht,4,M34,52.361601,4.9839185
Zeeburgereiland/Nieuwe Diep,2,Ochtend,2,M34,52.361601,4.9839185
Zijdelwaard,1,Avond,56,,,
Zijdelwaard,1,Middag,90,,,
Zijdelwaard,1,Nacht,31,,,
Zijdelwaard,1,Ochtend,47,,,
Zijdelwaard,2,Avond,22,,,
Zijdelwaard,2,Middag,10,,,
Zijdelwaard,2,Nacht,16,,,
Zijdelwaard,2,Ochtend,1,,,
Zijdelwaard,3,Avond,1,,,
